Datum,Typ,ml,Hinweis
1.5.2026 06:20,Urin,220,
1.5.2026 07:00,Wasser,300,
1.5.2026 10:15,Urin,180,
1.5.2026 11:30,Wasser,250,
1.5.2026 12:00,Hinweis,0,Demo-Hinweis: kurzer Tageskommentar.
1.5.2026 14:40,Urin,210,
1.5.2026 16:45,Wasser,300,
1.5.2026 20:10,Urin,260,
1.5.2026 21:20,Wasser,200,
2.5.2026 07:00,Wasser,300,
2.5.2026 08:30,Urin,120,
2.5.2026 11:30,Wasser,300,
2.5.2026 12:00,Hinweis,0,Demo-Hinweis: weniger Urin am Vormittag.
2.5.2026 13:20,Urin,190,
2.5.2026 16:45,Wasser,300,
2.5.2026 19:10,Urin,210,
2.5.2026 21:20,Wasser,300,
3.5.2026 06:20,Urin,280,
3.5.2026 07:00,Wasser,300,
3.5.2026 10:15,Urin,220,
3.5.2026 11:30,Wasser,350,
3.5.2026 12:00,Hinweis,0,Demo-Hinweis: Eintrag wirkt nur als Beispiel.
3.5.2026 14:40,Urin,290,
3.5.2026 16:45,Wasser,300,
3.5.2026 20:10,Urin,300,
3.5.2026 21:20,Wasser,200,
3.5.2026 23:40,Urin,420,
4.5.2026 03:10,Urin,160,
4.5.2026 06:20,Urin,310,
4.5.2026 07:00,Wasser,300,
4.5.2026 10:15,Urin,240,
4.5.2026 11:30,Wasser,250,
4.5.2026 12:00,Hinweis,0,Demo-Hinweis: Werte dienen nur der Vorschau.
4.5.2026 14:40,Urin,210,
4.5.2026 16:45,Wasser,300,
4.5.2026 20:10,Urin,320,
4.5.2026 21:20,Wasser,300,
5.5.2026 06:20,Urin,220,
5.5.2026 07:00,Wasser,300,
5.5.2026 10:15,Urin,260,
5.5.2026 11:30,Wasser,300,
5.5.2026 12:00,Hinweis,0,Demo-Hinweis: keine echten Gesundheitsdaten.
5.5.2026 14:40,Urin,250,
5.5.2026 16:45,Wasser,300,
5.5.2026 20:10,Urin,340,
5.5.2026 21:20,Wasser,200,
6.5.2026 06:20,Urin,250,
6.5.2026 06:50,Wasser,200,
6.5.2026 10:15,Urin,180,
6.5.2026 14:40,Urin,290,
6.5.2026 18:30,Wasser,400,
6.5.2026 20:10,Urin,360,
7.5.2026 06:20,Urin,280,
7.5.2026 07:00,Wasser,300,
7.5.2026 10:15,Urin,200,
7.5.2026 11:30,Wasser,250,
7.5.2026 14:40,Urin,210,
7.5.2026 16:45,Wasser,300,
7.5.2026 20:10,Urin,260,
7.5.2026 21:20,Wasser,200,
8.5.2026 07:00,Wasser,300,
8.5.2026 08:30,Urin,120,
8.5.2026 11:30,Wasser,300,
8.5.2026 13:20,Urin,190,
8.5.2026 16:45,Wasser,300,
8.5.2026 19:10,Urin,210,
8.5.2026 21:20,Wasser,300,
9.5.2026 05:20,Urin,90,
9.5.2026 06:20,Urin,220,
9.5.2026 07:00,Wasser,300,
9.5.2026 10:15,Urin,240,
9.5.2026 11:30,Wasser,350,
9.5.2026 12:00,Hinweis,0,Demo-Hinweis: ruhiger Tag mit normaler Trinkmenge.
9.5.2026 14:40,Urin,290,
9.5.2026 16:45,Wasser,300,
9.5.2026 20:10,Urin,300,
9.5.2026 21:20,Wasser,200,
10.5.2026 06:20,Urin,250,
10.5.2026 07:00,Wasser,300,
10.5.2026 10:15,Urin,260,
10.5.2026 11:30,Wasser,250,
10.5.2026 14:40,Urin,210,
10.5.2026 16:45,Wasser,300,
10.5.2026 20:10,Urin,320,
10.5.2026 21:20,Wasser,300,
11.5.2026 06:20,Urin,280,
11.5.2026 07:00,Wasser,300,
11.5.2026 10:15,Urin,180,
11.5.2026 11:30,Wasser,300,
11.5.2026 14:40,Urin,250,
11.5.2026 16:45,Wasser,300,
11.5.2026 20:10,Urin,340,
11.5.2026 21:20,Wasser,200,
12.5.2026 06:20,Urin,310,
12.5.2026 07:00,Wasser,300,
12.5.2026 10:15,Urin,200,
12.5.2026 11:30,Wasser,350,
12.5.2026 14:40,Urin,290,
12.5.2026 16:45,Wasser,300,
12.5.2026 20:10,Urin,360,
12.5.2026 21:20,Wasser,300,
13.5.2026 06:20,Urin,220,
13.5.2026 07:00,Wasser,300,
13.5.2026 10:15,Urin,220,
13.5.2026 11:30,Wasser,250,
13.5.2026 14:40,Urin,210,
13.5.2026 16:45,Wasser,300,
13.5.2026 20:10,Urin,260,
13.5.2026 21:20,Wasser,200,
13.5.2026 23:40,Urin,420,
14.5.2026 06:20,Urin,250,
14.5.2026 07:00,Wasser,300,
14.5.2026 10:15,Urin,240,
14.5.2026 11:30,Wasser,300,
14.5.2026 12:00,Hinweis,0,Demo-Hinweis: Beispielnotiz fuer die Tabellenansicht.
14.5.2026 14:40,Urin,250,
14.5.2026 16:45,Wasser,300,
14.5.2026 20:10,Urin,280,
14.5.2026 21:20,Wasser,300,
15.5.2026 06:20,Urin,280,
15.5.2026 07:00,Wasser,300,
15.5.2026 10:15,Urin,260,
15.5.2026 11:30,Wasser,350,
15.5.2026 14:40,Urin,290,
15.5.2026 16:45,Wasser,300,
15.5.2026 20:10,Urin,300,
15.5.2026 21:20,Wasser,200,
16.5.2026 07:00,Wasser,300,
16.5.2026 08:30,Urin,120,
16.5.2026 11:30,Wasser,250,
16.5.2026 13:20,Urin,190,
16.5.2026 16:45,Wasser,300,
16.5.2026 19:10,Urin,210,
16.5.2026 21:20,Wasser,300,
17.5.2026 06:20,Urin,220,
17.5.2026 06:50,Wasser,200,
17.5.2026 10:15,Urin,200,
17.5.2026 14:40,Urin,250,
17.5.2026 18:30,Wasser,400,
17.5.2026 20:10,Urin,340,
18.5.2026 04:45,Urin,130,
18.5.2026 06:20,Urin,250,
18.5.2026 07:00,Wasser,300,
18.5.2026 10:15,Urin,220,
18.5.2026 11:30,Wasser,350,
18.5.2026 14:40,Urin,290,
18.5.2026 16:45,Wasser,300,
18.5.2026 20:10,Urin,360,
18.5.2026 21:20,Wasser,300,
19.5.2026 06:20,Urin,280,
19.5.2026 07:00,Wasser,300,
19.5.2026 10:15,Urin,240,
19.5.2026 11:30,Wasser,250,
19.5.2026 14:40,Urin,210,
19.5.2026 16:45,Wasser,300,
19.5.2026 20:10,Urin,260,
19.5.2026 21:20,Wasser,200,
20.5.2026 06:20,Urin,310,
20.5.2026 07:00,Wasser,300,
20.5.2026 10:15,Urin,260,
20.5.2026 11:30,Wasser,300,
20.5.2026 14:40,Urin,250,
20.5.2026 16:45,Wasser,300,
20.5.2026 20:10,Urin,280,
20.5.2026 21:20,Wasser,300,
21.5.2026 06:20,Urin,220,
21.5.2026 07:00,Wasser,300,
21.5.2026 10:15,Urin,180,
21.5.2026 11:30,Wasser,350,
21.5.2026 14:40,Urin,290,
21.5.2026 16:45,Wasser,300,
21.5.2026 20:10,Urin,300,
21.5.2026 21:20,Wasser,200,
22.5.2026 06:20,Urin,250,
22.5.2026 07:00,Wasser,300,
22.5.2026 10:15,Urin,200,
22.5.2026 11:30,Wasser,250,
22.5.2026 12:00,Hinweis,0,"Demo-Hinweis: Nachtrag am Abend, nur Demo-Daten."
22.5.2026 14:40,Urin,210,
22.5.2026 16:45,Wasser,300,
22.5.2026 20:10,Urin,320,
22.5.2026 21:20,Wasser,300,
23.5.2026 06:20,Urin,280,
23.5.2026 07:00,Wasser,300,
23.5.2026 10:15,Urin,220,
23.5.2026 11:30,Wasser,300,
23.5.2026 14:40,Urin,250,
23.5.2026 16:45,Wasser,300,
23.5.2026 20:10,Urin,340,
23.5.2026 21:20,Wasser,200,
24.5.2026 06:20,Urin,310,
24.5.2026 07:00,Wasser,300,
24.5.2026 10:15,Urin,240,
24.5.2026 11:30,Wasser,350,
24.5.2026 14:40,Urin,290,
24.5.2026 16:45,Wasser,300,
24.5.2026 20:10,Urin,360,
24.5.2026 21:20,Wasser,300,
24.5.2026 23:40,Urin,420,
25.5.2026 06:20,Urin,220,
25.5.2026 07:00,Wasser,300,
25.5.2026 10:15,Urin,260,
25.5.2026 11:30,Wasser,250,
25.5.2026 14:40,Urin,210,
25.5.2026 16:45,Wasser,300,
25.5.2026 20:10,Urin,260,
25.5.2026 21:20,Wasser,200,
26.5.2026 06:20,Urin,250,
26.5.2026 07:00,Wasser,300,
26.5.2026 10:15,Urin,180,
26.5.2026 11:30,Wasser,300,
26.5.2026 14:40,Urin,250,
26.5.2026 16:45,Wasser,300,
26.5.2026 20:10,Urin,280,
26.5.2026 21:20,Wasser,300,
27.5.2026 06:20,Urin,280,
27.5.2026 07:00,Wasser,300,
27.5.2026 10:15,Urin,200,
27.5.2026 11:30,Wasser,350,
27.5.2026 14:40,Urin,290,
27.5.2026 16:45,Wasser,300,
27.5.2026 20:10,Urin,300,
27.5.2026 21:20,Wasser,200,
28.5.2026 06:20,Urin,310,
28.5.2026 07:00,Wasser,300,
28.5.2026 10:15,Urin,220,
28.5.2026 11:30,Wasser,250,
28.5.2026 14:40,Urin,210,
28.5.2026 16:45,Wasser,300,
28.5.2026 20:10,Urin,320,
28.5.2026 21:20,Wasser,300,
29.5.2026 06:20,Urin,220,
29.5.2026 07:00,Wasser,300,
29.5.2026 10:15,Urin,240,
29.5.2026 11:30,Wasser,300,
29.5.2026 14:40,Urin,250,
29.5.2026 16:45,Wasser,300,
29.5.2026 20:10,Urin,340,
29.5.2026 21:20,Wasser,200,
30.5.2026 06:20,Urin,250,
30.5.2026 07:00,Wasser,300,
30.5.2026 10:15,Urin,260,
30.5.2026 11:30,Wasser,350,
30.5.2026 14:40,Urin,290,
30.5.2026 16:45,Wasser,300,
30.5.2026 20:10,Urin,360,
30.5.2026 21:20,Wasser,300,
